"Area","Country","PersonID","Gender","DOB","Surname","GivenName","School","GP"
"Abbey","England","0","Female","1991-12-14 00:00:00","Flynn","Poppy","Abbey School","Abbey GP"
"Abbey","England","1","Female","2009-01-09 00:00:00","O'Neill","Elizabeth","Abbey School","Abbey GP"
"Abbey","England","2","Male","1939-10-03 00:00:00","Evans","Brandon","Abbey School","Abbey GP"
"Bagley","England","3","Male","1962-07-10 00:00:00","Franklin","Joshua","Bagley School","Bagely GP"
"Bagley","England","4","Male","1942-06-07 00:00:00","Reeves","Louis","Bagley School","Bagely GP"
"Bagley","England","5","Male","1964-04-29 00:00:00","Hayes","Taylor","Bagley School","Bagely GP"
"Battlefield","England","6","Female","2013-07-18 00:00:00","Sims","Rebecca","Battlefield School","Battlefield GP"
"Battlefield","England","7","Female","1953-05-24 00:00:00","Pope","Poppy","Battlefield School","Battlefield GP"
"Battlefield","England","8","Female","1987-12-19 00:00:00","Donnelly","Jessica","Battlefield School","Battlefield GP"
"Belle Vue","England","9","Male","1997-08-31 00:00:00","Stevenson","Muhammad","Belle Vue School","Belle Vue GP"
"Belle Vue","England","10","Female","1977-05-18 00:00:00","Bates","Jodie","Belle Vue School","Belle Vue GP"
"Belle Vue","England","11","Female","1937-12-06 00:00:00","Blackburn","Tia","Belle Vue School","Belle Vue GP"
"Bowbrook","England","12","Male","1969-07-11 00:00:00","Nelson","Declan","Bowbrook School","Bowbrook GP"
"Bowbrook","England","13","Female","1977-06-14 00:00:00","Bennett","Alicia","Bowbrook School","Bowbrook GP"
"Bowbrook","England","14","Male","1970-07-24 00:00:00","Douglas","Kian","Bowbrook School","Bowbrook GP"
"Castlefields and Ditherington","England","15","Male","1942-10-19 00:00:00","Godfrey","Jack","Ditherington School","Castlefields GP"
"Castlefields and Ditherington","England","16","Male","2011-10-09 00:00:00","Chamberlain","Alfie","Ditherington School","Castlefields GP"
"Castlefields and Ditherington","England","17","Female","1995-07-22 00:00:00","Bolton","Sophia","Ditherington School","Castlefields GP"
"Column","England","18","Male","1997-06-25 00:00:00","Kent","Spencer","Column School","Column GP"
"Column","England","19","Male","1938-05-23 00:00:00","Howe","Gabriel","Column School","Column GP"
"Column","England","20","Female","1944-12-28 00:00:00","Clark","Lola","Column School","Column GP"
"Copthorne","England","21","Female","1987-08-23 00:00:00","Pearce","Jodie","Copthorne School","Copthorne GP"
"Copthorne","England","22","Female","2004-03-28 00:00:00","May","Lydia","Copthorne School","Copthorne GP"
"Copthorne","England","23","Female","1967-07-06 00:00:00","May","Isabella","Copthorne School","Copthorne GP"
"Harlescott","England","24","Female","1942-04-21 00:00:00","Harris","Abigail","Harlescott School","Harlescott GP"
"Harlescott","England","25","Male","1979-09-19 00:00:00","Cross","Thomas","Harlescott School","Harlescott GP"
"Harlescott","England","26","Male","1975-08-29 00:00:00","Giles","Edward","Harlescott School","Harlescott GP"
"Meole","England","27","Female","2002-11-24 00:00:00","Bryant","Phoebe","Meole School","Meole GP"
"Meole","England","28","Female","2002-08-09 00:00:00","Hancock","Morgan","Meole School","Meole GP"
"Meole","England","29","Female","1972-07-25 00:00:00","Bryant","Alexandra","Meole School","Meole GP"
"Monkmoor","England","30","Female","1992-10-13 00:00:00","Abbott","Kiera","Monkmoor School","Monkmoor GP"
"Monkmoor","England","31","Male","2004-09-04 00:00:00","Webster","Billy","Monkmoor School","Monkmoor GP"
"Monkmoor","England","32","Female","1999-04-29 00:00:00","Field","Alexandra","Monkmoor School","Monkmoor GP"
"Porthill","England","33","Female","1930-11-03 00:00:00","O'Neill","Samantha","Porthill School","Porthill GP"
"Porthill","England","34","Male","2014-01-28 00:00:00","Oliver","Tom","Porthill School","Porthill GP"
"Porthill","England","35","Male","1991-04-02 00:00:00","Matthews","Edward","Porthill School","Porthill GP"
"Quarry and Coton Hill","England","36","Male","1967-10-22 00:00:00","Adams","Elliot","Coton Hill School","Quarry GP"
"Quarry and Coton Hill","England","37","Male","1988-12-30 00:00:00","Fitzgerald","Spencer","Coton Hill School","Quarry GP"
"Quarry and Coton Hill","England","38","Female","1949-01-15 00:00:00","Hawkins","Imogen","Quarry School","Quarry GP"
"Radbrook","England","39","Female","1980-06-25 00:00:00","Flynn","Megan","Radbrook School","Radbrook GP"
"Radbrook","England","40","Male","1986-07-30 00:00:00","Wilkins","Zachary","Radbrook School","Radbrook GP"
"Radbrook","England","41","Female","1999-02-11 00:00:00","Gray","Laura","Radbrook School","Radbrook GP"
"Sundorne","England","42","Female","2012-07-28 00:00:00","Slater","Matilda","Sundorne School","Sundorne GP"
"Sundorne","England","43","Male","1971-07-12 00:00:00","Cooke","Hayden","Sundorne School","Sundorne GP"
"Sundorne","England","44","Female","2005-01-29 00:00:00","Connolly","Abigail","Sundorne School","Sundorne GP"
"Sutton and Reabrook","England","45","Male","2017-04-13 00:00:00","Hughes","Cameron","Sutton School","Sutton GP"
"Sutton and Reabrook","England","46","Male","1943-01-11 00:00:00","Lawson","Harry","Reabrook School","Sutton GP"
"Sutton and Reabrook","England","47","Female","1975-01-18 00:00:00","Richardson","Madison","Reabrook School","Sutton GP"
"Underdale","England","48","Male","1991-11-20 00:00:00","Barber","Rhys","Underdale School","Underdale GP"
"Underdale","England","49","Female","1938-01-19 00:00:00","Bryant","Georgia","Underdale School","Underdale GP"
"Underdale","England","50","Female","1960-10-30 00:00:00","Wallace","Francesca","Underdale School","Underdale GP"
